RADIO_REF_ID,FRAC_REF_ID,IDRADIO
1,1,01
2,2,01
3,2,02
4,2,03
5,2,04
6,2,05
7,2,06
8,2,07
9,2,08
10,2,09
11,2,10
12,2,11
13,2,12
14,2,13
15,2,14
16,2,15
17,2,16
18,2,17
19,2,18
20,2,19
21,3,01
22,3,02
23,3,03
24,3,04
25,3,05
26,3,06
27,3,07
28,3,08
29,3,09
30,3,10
31,3,11
32,3,12
33,3,13
34,3,14
35,3,15
36,3,16
37,3,17
38,3,18
39,3,19
40,3,20
41,3,21
42,3,22
43,3,23
44,4,01
45,4,02
46,4,03
47,4,04
48,4,05
49,4,06
50,4,07
51,4,08
52,5,01
53,5,02
54,5,03
55,5,04
56,5,05
57,5,06
58,5,07
59,6,01
60,6,02
61,6,03
62,6,04
63,6,05
64,6,06
65,6,07
66,6,08
67,6,09
68,6,10
69,7,01
70,7,02
71,7,03
72,7,04
73,7,05
74,7,06
75,7,07
76,7,08
77,7,09
78,7,10
79,7,11
80,7,12
81,7,13
82,8,01
83,8,02
84,8,03
85,8,04
86,8,05
87,8,06
88,8,07
89,8,08
90,8,09
91,8,10
92,9,01
93,9,02
94,9,03
95,9,04
96,9,05
97,9,06
98,9,07
99,9,08
100,9,09
101,9,10
102,9,11
103,9,12
104,9,13
105,9,14
106,9,15
107,9,16
108,9,17
109,9,18
110,9,19
111,10,01
112,10,02
113,10,03
114,10,04
115,10,05
116,10,06
117,10,07
118,10,08
119,10,09
120,10,10
121,10,11
122,10,12
123,10,13
124,10,14
125,11,01
126,11,02
127,11,03
128,11,04
129,11,05
130,11,06
131,11,07
132,11,08
133,11,09
134,11,10
135,11,11
136,11,12
137,11,13
138,11,14
139,12,01
140,12,02
141,12,03
142,12,04
143,12,05
144,12,06
145,12,07
146,12,08
147,12,09
148,12,10
149,12,11
150,12,12
151,13,01
152,13,02
153,13,03
154,13,04
155,13,05
156,13,06
157,13,07
158,13,08
159,13,09
160,13,10
161,13,11
162,13,12
163,13,13
164,13,14
166,14,01
167,14,02
168,14,03
169,14,04
170,14,05
171,14,06
172,14,07
173,14,08
174,14,09
175,14,10
176,14,11
177,14,12
178,15,01
179,15,02
180,15,03
181,15,04
182,15,05
183,15,06
184,15,07
185,15,08
186,15,09
187,15,10
188,15,11
189,16,01
190,16,02
191,16,03
192,16,04
193,16,05
194,16,06
195,16,07
196,16,08
197,16,09
198,16,10
199,16,11
200,16,12
201,17,01
202,17,02
203,17,03
204,17,04
205,17,05
206,17,06
207,17,07
208,17,08
209,17,09
210,17,10
211,17,11
212,18,01
213,18,02
214,18,03
215,18,04
216,18,05
217,18,06
218,18,07
219,18,08
220,18,09
221,19,01
222,19,02
223,19,03
224,19,04
225,19,05
226,19,06
227,19,07
228,19,08
229,19,09
230,20,01
231,20,02
232,20,03
233,20,04
234,20,05
235,20,06
236,20,07
237,20,08
238,20,09
239,20,10
240,21,01
241,21,02
242,21,03
243,21,04
244,21,05
245,21,06
246,21,07
247,21,08
248,21,09
249,21,10
250,22,01
251,22,02
252,22,03
253,22,04
254,22,05
255,22,06
256,22,07
257,22,08
258,22,09
259,22,10
260,23,01
261,23,02
262,23,03
263,23,04
264,23,05
265,23,06
266,23,07
267,23,08
268,23,09
269,23,10
270,24,01
271,24,02
272,24,03
273,24,04
274,24,05
275,24,06
276,24,07
277,24,08
278,25,01
279,25,02
280,25,03
281,25,04
282,25,05
283,25,06
284,25,07
285,25,08
286,25,09
287,25,10
288,25,11
289,26,01
290,26,02
291,26,03
292,26,04
293,26,05
294,26,06
295,26,07
296,26,08
297,26,09
298,27,01
299,27,02
300,27,03
301,27,04
302,27,05
303,27,06
304,27,07
305,27,08
306,27,09
307,27,10
308,28,01
309,28,02
310,28,03
311,28,04
312,28,05
313,28,06
314,28,07
315,28,08
316,28,09
317,28,10
318,28,11
319,28,12
320,28,13
321,29,01
322,29,02
323,29,03
324,29,04
325,29,05
326,29,06
327,29,07
328,29,08
329,29,09
330,30,01
331,30,02
332,31,01
333,31,02
334,31,03
335,31,04
336,31,05
337,31,06
338,31,07
339,31,08
340,32,01
341,32,02
342,32,03
343,32,04
344,32,05
345,32,06
346,32,07
347,32,08
348,33,01
349,33,02
350,33,03
351,33,04
352,33,05
353,33,06
354,33,07
355,33,08
356,33,09
357,33,10
358,34,01
359,34,02
360,34,03
361,34,04
362,34,05
363,34,06
364,34,07
365,34,08
366,34,09
367,35,01
368,35,02
369,35,03
370,35,04
371,35,05
372,35,06
373,35,07
374,35,08
375,35,09
376,35,10
377,36,01
378,36,02
379,36,03
380,36,04
381,36,05
382,36,06
383,36,07
384,36,08
385,36,09
386,37,01
387,37,02
388,37,03
389,37,04
390,37,05
391,37,06
392,37,07
393,37,08
394,38,01
395,38,02
396,38,03
397,38,04
398,38,05
399,38,06
400,38,07
401,38,08
402,38,09
403,39,01
404,39,02
405,39,03
406,39,04
407,39,05
408,39,06
409,39,07
410,39,08
411,39,09
412,40,01
413,40,02
414,40,03
415,40,04
416,40,05
417,40,06
418,41,01
419,41,02
420,41,03
421,41,04
422,41,05
423,41,06
424,42,01
425,42,02
426,42,03
427,42,04
428,42,05
429,42,06
430,42,07
431,43,01
432,43,02
433,43,03
434,43,04
435,43,05
436,43,06
437,43,07
438,43,08
439,43,09
440,43,10
441,44,01
442,44,02
443,44,03
444,44,04
445,44,05
446,44,06
447,44,07
448,44,08
449,45,01
450,45,02
451,45,03
452,45,04
453,45,05
454,45,06
455,45,07
456,45,08
457,46,01
458,46,02
459,46,03
460,46,04
461,46,05
462,46,06
463,46,07
464,46,08
465,46,09
466,47,01
467,47,02
468,47,03
469,47,04
470,47,05
471,47,06
472,47,07
473,47,08
474,48,01
475,48,02
476,48,03
477,48,04
478,48,05
479,48,06
480,48,07
481,48,08
482,49,01
483,49,02
484,49,03
485,49,04
486,49,05
487,49,06
488,49,07
489,49,08
490,50,01
491,50,02
492,50,03
493,50,04
494,50,05
495,50,06
496,51,01
497,51,02
498,51,03
499,51,04
500,51,05
501,51,06
502,52,01
503,52,02
504,52,03
505,52,04
506,52,05
507,52,06
508,52,07
509,52,08
510,52,09
511,53,01
512,53,02
513,53,03
514,53,04
515,53,05
516,53,06
517,54,01
518,54,02
519,54,03
520,54,04
521,54,05
522,54,06
523,54,07
524,54,08
525,54,09
526,54,10
527,54,11
528,55,01
529,55,02
530,55,03
531,55,04
532,55,05
533,55,06
534,55,07
535,55,08
536,55,09
537,55,10
538,55,11
539,56,01
540,56,02
541,56,03
542,56,04
543,56,05
544,56,06
545,56,07
546,56,08
547,56,09
548,56,10
549,56,11
550,56,12
551,57,01
552,57,02
553,57,03
554,57,04
555,57,05
556,57,06
557,57,07
558,57,08
559,57,09
560,57,10
561,57,11
562,58,01
563,58,02
564,58,03
565,58,04
566,58,05
567,58,06
568,58,07
569,58,08
570,59,01
571,59,02
572,59,03
573,59,04
574,59,05
575,59,06
576,59,07
577,60,01
578,60,02
579,60,03
580,60,04
581,60,05
582,60,06
583,60,07
584,61,01
585,61,02
586,61,03
587,61,04
588,61,05
589,61,06
590,61,07
591,61,08
592,61,09
593,62,01
594,62,02
595,62,03
596,62,04
597,62,05
598,62,06
599,62,07
600,62,08
601,62,09
602,62,10
603,63,01
604,63,02
605,63,03
606,63,04
607,63,05
608,63,06
609,63,07
610,63,08
611,63,09
612,63,10
613,64,01
614,64,02
615,64,03
616,64,04
617,64,05
618,64,06
619,64,07
620,64,08
621,65,01
622,65,02
623,65,03
624,65,04
625,65,05
626,65,06
627,65,07
628,65,08
629,66,01
630,66,02
631,66,03
632,66,04
633,66,05
634,66,06
635,66,07
636,66,08
637,66,09
638,66,10
639,67,01
640,67,02
641,67,03
642,67,04
643,67,05
644,67,06
645,67,07
646,67,08
647,67,09
648,67,10
649,67,11
650,68,01
651,68,02
652,68,03
653,68,04
654,68,05
655,68,06
656,68,07
657,68,08
658,68,09
659,68,10
660,69,01
661,69,02
662,69,03
663,69,04
664,69,05
665,69,06
666,69,07
667,69,08
668,69,09
669,70,01
670,70,02
671,70,03
672,70,04
673,70,05
674,70,06
675,70,07
676,70,08
677,70,09
678,71,01
679,71,02
680,71,03
681,71,04
682,71,05
683,71,06
684,71,07
685,71,08
686,71,09
687,72,01
688,72,02
689,72,03
690,72,04
691,72,05
692,72,06
693,72,07
694,72,08
695,72,09
696,72,10
697,72,11
698,73,01
699,73,02
700,73,03
701,73,04
702,73,05
703,73,06
704,73,07
705,73,08
706,73,09
707,73,10
708,74,01
709,74,02
710,74,03
711,74,04
712,74,05
713,74,06
714,74,07
715,74,08
716,74,09
717,74,10
718,74,11
719,75,01
720,75,02
721,75,03
722,75,04
723,75,05
724,75,06
725,75,07
726,75,08
727,75,09
728,75,10
729,76,01
730,76,02
731,76,03
732,76,04
733,76,05
734,76,06
735,76,07
736,76,08
737,76,09
738,77,01
739,77,02
740,77,03
741,77,04
742,77,05
743,77,06
744,77,07
745,77,08
746,77,09
747,77,10
748,78,01
749,78,02
750,78,03
751,78,04
752,78,05
753,78,06
754,78,07
755,78,08
756,78,09
757,79,01
758,79,02
759,79,03
760,79,04
761,79,05
762,79,06
763,79,07
764,79,08
765,79,09
766,80,01
767,80,02
768,80,03
769,80,04
770,80,05
771,80,06
772,80,07
773,80,08
774,80,09
775,81,01
776,81,02
777,81,03
778,81,04
779,81,05
780,81,06
781,81,07
782,82,01
783,82,02
784,82,03
785,82,04
786,82,05
787,82,06
788,82,07
789,82,08
790,82,09
791,82,10
792,82,11
793,82,12
794,82,13
795,82,14
796,83,01
797,83,02
798,83,03
799,83,04
800,83,05
801,83,06
802,83,07
803,83,08
804,83,09
805,83,10
806,84,01
807,84,02
808,84,03
809,84,04
810,84,05
811,84,06
812,84,07
813,84,08
814,84,09
815,84,10
816,84,11
817,84,12
818,84,13
819,85,01
820,85,02
821,85,03
822,85,04
823,85,05
824,85,06
825,85,07
826,85,08
827,85,09
828,85,10
829,85,11
830,86,01
831,86,02
832,86,03
833,86,04
834,86,05
835,86,06
836,86,07
837,86,08
838,86,09
839,86,10
840,86,11
841,87,01
842,87,02
843,87,03
844,87,04
845,87,05
846,87,06
847,87,07
848,87,08
849,87,09
850,87,10
851,87,11
852,88,01
853,88,02
854,88,03
855,88,04
856,88,05
857,88,06
858,88,07
859,88,08
860,88,09
861,88,10
862,88,11
863,88,12
864,89,01
865,89,02
866,89,03
867,89,04
868,89,05
869,89,06
870,89,07
871,89,08
872,89,09
873,89,10
874,89,11
875,90,01
876,90,02
877,90,03
878,90,04
879,90,05
880,90,06
881,90,07
882,91,01
883,91,02
884,91,03
885,91,04
886,91,05
887,91,06
888,91,07
889,91,08
890,91,09
891,92,01
892,92,02
893,92,03
894,92,04
895,92,05
896,92,06
897,92,07
898,92,08
899,92,09
900,93,01
901,93,02
902,93,03
903,93,04
904,93,05
905,93,06
906,93,07
907,93,08
908,93,09
909,93,10
910,93,11
911,93,12
912,94,01
913,94,02
914,94,03
915,94,04
916,94,05
917,94,06
918,94,07
919,94,08
920,94,09
921,94,10
922,94,11
923,95,01
924,95,02
925,95,03
926,95,04
927,95,05
928,95,06
929,95,07
930,95,08
931,95,09
932,96,01
933,96,02
934,96,03
935,96,04
936,96,05
937,96,06
938,96,07
939,96,08
940,96,09
941,96,10
942,97,01
943,97,02
944,97,03
945,97,04
946,97,05
947,97,06
948,97,07
949,97,08
950,97,09
951,97,10
952,98,01
953,98,02
954,98,03
955,98,04
956,98,05
957,98,06
958,98,07
959,98,08
960,98,09
961,98,10
962,99,01
963,100,01
964,100,02
965,100,03
966,100,04
967,100,05
968,100,06
969,100,07
970,100,08
971,100,09
972,100,10
973,101,01
974,101,02
975,101,03
976,101,04
977,101,05
978,101,06
979,101,07
980,101,08
981,101,09
982,101,10
983,101,11
984,101,12
985,102,01
986,102,02
987,102,03
988,102,04
989,102,05
990,102,06
991,102,07
992,102,08
993,102,09
994,102,10
995,102,11
996,102,12
997,103,01
998,103,02
999,103,03
1000,103,04
1001,103,05
1002,103,06
1003,103,07
1004,103,08
1005,103,09
1006,103,10
1007,103,11
1008,103,12
1009,104,01
1010,104,02
1011,104,03
1012,104,04
1013,104,05
1014,104,06
1015,104,07
1016,104,08
1017,104,09
1018,104,10
1019,104,11
1020,104,12
1021,105,01
1022,105,02
1023,105,03
1024,105,04
1025,105,05
1026,105,06
1027,106,01
1028,106,02
1029,106,03
1030,106,04
1031,107,01
1032,107,02
1033,107,03
1034,108,01
1035,108,02
1036,108,03
1037,108,04
1038,108,05
1039,108,06
1040,108,07
1041,108,08
1042,108,09
1043,108,10
1044,109,01
1045,109,02
1046,109,03
1047,109,04
1048,109,05
1049,109,06
1050,109,07
1051,109,08
1052,109,09
1053,109,10
1054,109,11
1055,110,01
1056,110,02
1057,110,03
1058,110,04
1059,110,05
1060,110,06
1061,110,07
1062,110,08
1063,110,09
1064,110,10
1065,110,11
1066,111,01
1067,111,02
1068,111,03
1069,111,04
1070,111,05
1071,111,06
1072,111,07
1073,111,08
1074,111,09
1075,112,01
1076,112,02
1077,112,03
1078,112,04
1079,112,05
1080,112,06
1081,112,07
1082,112,08
1083,113,01
1084,113,02
1085,113,03
1086,113,04
1087,113,05
1088,113,06
1089,113,07
1090,113,08
1091,114,01
1092,114,02
1093,114,03
1094,114,04
1095,114,05
1096,114,06
1097,114,07
1098,114,08
1099,115,01
1100,115,02
1101,115,03
1102,115,04
1103,115,05
1104,115,06
1105,115,07
1106,115,08
1107,115,09
1108,116,01
1109,116,02
1110,116,03
1111,116,04
1112,116,05
1113,116,06
1114,116,07
1115,116,08
1116,116,09
1117,116,10
1118,117,01
1119,117,02
1120,117,03
1121,117,04
1122,117,05
1123,117,06
1124,117,07
1125,117,08
1126,117,09
1127,117,10
1128,118,01
1129,118,02
1130,118,03
1131,118,04
1132,118,05
1133,118,06
1134,118,07
1135,118,08
1136,118,09
1137,118,10
1138,119,01
1139,119,02
1140,119,03
1141,119,04
1142,119,05
1143,119,06
1144,119,07
1145,120,01
1146,120,02
1147,120,03
1148,120,04
1149,120,05
1150,120,06
1151,120,07
1152,120,08
1153,120,09
1154,121,01
1155,121,02
1156,121,03
1157,121,04
1158,121,05
1159,121,06
1160,121,07
1161,121,08
1162,121,09
1163,122,01
1164,122,02
1165,122,03
1166,122,04
1167,122,05
1168,122,06
1169,122,07
1170,122,08
1171,122,09
1172,123,01
1173,123,02
1174,123,03
1175,123,04
1176,123,05
1177,123,06
1178,123,07
1179,123,08
1180,123,09
1181,123,10
1182,123,11
1183,124,01
1184,124,02
1185,124,03
1186,124,04
1187,124,05
1188,124,06
1189,124,07
1190,124,08
1191,124,09
1192,124,10
1193,124,11
1194,125,01
1195,125,02
1196,125,03
1197,125,04
1198,125,05
1199,125,06
1200,125,07
1201,125,08
1202,125,09
1203,125,10
1204,125,11
1205,126,01
1206,126,02
1207,126,03
1208,126,04
1209,126,05
1210,126,06
1211,126,07
1212,126,08
1213,126,09
1214,126,10
1215,126,11
1216,127,01
1217,127,02
1218,127,03
1219,127,04
1220,127,05
1221,127,06
1222,127,07
1223,127,08
1224,127,09
1225,127,10
1226,127,11
1227,127,12
1228,128,01
1229,128,02
1230,128,03
1231,128,04
1232,128,05
1233,128,06
1234,128,07
1235,128,08
1236,128,09
1237,128,10
1238,128,11
1239,129,01
1240,129,02
1241,129,03
1242,129,04
1243,129,05
1244,129,06
1245,129,07
1246,129,08
1247,129,09
1248,129,10
1249,129,11
1250,129,12
1251,129,13
1252,130,01
1253,130,02
1254,130,03
1255,130,04
1256,130,05
1257,130,06
1258,130,07
1259,130,08
1260,130,09
1261,130,10
1262,130,11
1263,130,12
1264,131,01
1265,131,02
1266,131,03
1267,131,04
1268,131,05
1269,131,06
1270,131,07
1271,131,08
1272,131,09
1273,131,10
1274,131,11
1275,132,01
1276,132,02
1277,132,03
1278,132,04
1279,132,05
1280,132,06
1281,132,07
1282,132,08
1283,132,09
1284,132,10
1285,133,01
1286,133,02
1287,133,03
1288,133,04
1289,133,05
1290,133,06
1291,133,07
1292,133,08
1293,133,09
1294,133,10
1295,133,11
1296,134,01
1297,134,02
1298,134,03
1299,134,04
1300,134,05
1301,134,06
1302,134,07
1303,134,08
1304,134,09
1305,134,10
1306,134,11
1307,134,12
1308,135,01
1309,135,02
1310,135,03
1311,135,04
1312,135,05
1313,135,06
1314,135,07
1315,135,08
1316,135,09
1317,136,01
1318,136,02
1319,136,03
1320,136,04
1321,136,05
1322,136,06
1323,136,07
1324,136,08
1325,136,09
1326,136,10
1327,136,11
1328,136,12
1329,136,13
1330,137,01
1331,137,02
1332,137,03
1333,137,04
1334,137,05
1335,137,06
1336,137,07
1337,137,08
1338,137,09
1339,137,10
1340,138,01
1341,138,02
1342,138,03
1343,138,04
1344,138,05
1345,138,06
1346,138,07
1347,138,08
1348,138,09
1349,138,10
1350,139,01
1351,139,02
1352,139,03
1353,139,04
1354,139,05
1355,139,06
1356,139,07
1357,139,08
1358,139,09
1359,139,10
1360,140,01
1361,140,02
1362,140,03
1363,140,04
1364,140,05
1365,140,06
1366,140,07
1367,140,08
1368,140,09
1369,140,10
1370,141,01
1371,141,02
1372,141,03
1373,141,04
1374,141,05
1375,141,06
1376,141,07
1377,141,08
1378,141,09
1379,141,10
1380,141,11
1381,141,12
1382,142,01
1383,142,02
1384,142,03
1385,142,04
1386,142,05
1387,142,06
1388,142,07
1389,142,08
1390,142,09
1391,143,01
1392,143,02
1393,143,03
1394,143,04
1395,143,05
1396,143,06
1397,143,07
1398,143,08
1399,143,09
1400,143,10
1401,144,01
1402,144,02
1403,144,03
1404,144,04
1405,144,05
1406,144,06
1407,144,07
1408,144,08
1409,144,09
1410,144,10
1411,145,01
1412,145,02
1413,145,03
1414,145,04
1415,145,05
1416,145,06
1417,145,07
1418,145,08
1419,145,09
1420,145,10
1421,145,11
1422,146,01
1423,146,02
1424,146,03
1425,146,04
1426,146,05
1427,146,06
1428,146,07
1429,147,01
1430,147,02
1431,147,03
1432,147,04
1433,147,05
1434,147,06
1435,147,07
1436,147,08
1437,147,09
1438,148,01
1439,148,02
1440,148,03
1441,148,04
1442,148,05
1443,148,06
1444,148,07
1445,148,08
1446,149,01
1447,149,02
1448,149,03
1449,149,04
1450,149,05
1451,149,06
1452,149,07
1453,149,08
1454,149,09
1455,149,10
1456,150,01
1457,150,02
1458,150,03
1459,150,04
1460,150,05
1461,150,06
1462,150,07
1463,150,08
1464,150,09
1465,150,10
1466,150,11
1467,151,01
1468,151,02
1469,151,03
1470,151,04
1471,151,05
1472,151,06
1473,151,07
1474,151,08
1475,151,09
1476,151,10
1477,152,01
1478,152,02
1479,152,03
1480,152,04
1481,152,05
1482,152,06
1483,152,07
1484,152,08
1485,152,09
1486,153,01
1487,153,02
1488,153,03
1489,153,04
1490,153,05
1491,153,06
1492,153,07
1493,153,08
1494,153,09
1495,153,10
1496,154,01
1497,154,02
1498,154,03
1499,154,04
1500,154,05
1501,154,06
1502,154,07
1503,154,08
1504,154,09
1505,154,10
1506,155,01
1507,155,02
1508,155,03
1509,155,04
1510,155,05
1511,155,06
1512,155,07
1513,155,08
1514,155,09
1515,156,01
1516,156,02
1517,156,03
1518,156,04
1519,156,05
1520,156,06
1521,156,07
1522,156,08
1523,156,09
1524,157,01
1525,157,02
1526,157,03
1527,157,04
1528,157,05
1529,157,06
1530,157,07
1531,157,08
1532,157,09
1533,157,10
1534,157,11
1535,158,01
1536,158,02
1537,158,03
1538,158,04
1539,158,05
1540,158,06
1541,158,07
1542,158,08
1543,159,01
1544,159,02
1545,159,03
1546,159,04
1547,159,05
1548,159,06
1549,159,07
1550,159,08
1551,159,09
1552,159,10
1553,159,11
1554,160,01
1555,160,02
1556,160,03
1557,160,04
1558,160,05
1559,160,06
1560,160,07
1561,160,08
1562,160,09
1563,160,10
1564,161,01
1565,161,02
1566,161,03
1567,161,04
1568,161,05
1569,161,06
1570,161,07
1571,161,08
1572,161,09
1573,161,10
1574,162,01
1575,162,02
1576,162,03
1577,162,04
1578,162,05
1579,162,06
1580,162,07
1581,162,08
1582,162,09
1583,163,01
1584,163,02
1585,163,03
1586,163,04
1587,163,05
1588,163,06
1589,163,07
1590,163,08
1591,163,09
1592,163,10
1593,163,11
1594,163,12
1595,163,13
1596,163,14
1597,163,15
1598,164,01
1599,164,02
1600,164,03
1601,164,04
1602,164,05
1603,164,06
1604,164,07
1605,164,08
1606,164,09
1607,164,10
1608,164,11
1609,164,12
1610,164,13
1611,165,01
1612,165,02
1613,165,03
1614,165,04
1615,165,05
1616,165,06
1617,165,07
1618,165,08
1619,165,09
1620,165,10
1621,165,11
1622,166,01
1623,166,02
1624,166,03
1625,166,04
1626,166,05
1627,166,06
1628,166,07
1629,166,08
1630,166,09
1631,167,01
1632,167,02
1633,167,03
1634,167,04
1635,167,05
1636,167,06
1637,167,07
1638,167,08
1639,167,09
1640,167,10
1641,167,11
1642,168,01
1643,168,02
1644,168,03
1645,168,04
1646,168,05
1647,168,06
1648,168,07
1649,168,08
1650,168,09
1651,168,10
1652,168,11
1653,169,01
1654,169,02
1655,169,03
1656,169,04
1657,169,05
1658,169,06
1659,170,01
1660,170,02
1661,170,03
1662,170,04
1663,170,05
1664,170,06
1665,170,07
1666,170,08
1667,170,09
1668,170,10
1669,170,11
1670,170,12
1671,170,13
1672,171,01
1673,171,02
1674,171,03
1675,171,04
1676,171,05
1677,171,06
1678,171,07
1679,171,08
1680,171,09
1681,171,10
1682,171,11
1683,171,12
1684,172,01
1685,172,02
1686,172,03
1687,172,04
1688,172,05
1689,172,06
1690,172,07
1691,172,08
1692,172,09
1693,172,10
1694,172,11
1695,172,12
1696,172,13
1697,173,01
1698,173,02
1699,173,03
1700,173,04
1701,173,05
1702,173,06
1703,173,07
1704,173,08
1705,173,09
1706,174,01
1707,174,02
1708,174,03
1709,174,04
1710,174,05
1711,174,06
1712,174,07
1713,174,08
1714,174,09
1715,174,10
1716,174,11
1717,175,01
1718,175,02
1719,175,03
1720,175,04
1721,175,05
1722,175,06
1723,175,07
1724,175,08
1725,175,09
1726,175,10
1727,175,11
1728,175,12
1729,176,01
1730,176,02
1731,176,03
1732,176,04
1733,176,05
1734,176,06
1735,176,07
1736,176,08
1737,176,09
1738,176,10
1739,177,01
1740,177,02
1741,177,03
1742,177,04
1743,177,05
1744,177,06
1745,177,07
1746,177,08
1747,177,09
1748,177,10
1749,178,01
1750,178,02
1751,178,03
1752,178,04
1753,178,05
1754,178,06
1755,178,07
1756,178,08
1757,178,09
1758,178,10
1759,178,11
1760,179,01
1761,179,02
1762,179,03
1763,179,04
1764,179,05
1765,179,06
1766,179,07
1767,179,08
1768,179,09
1769,179,10
1770,179,11
1771,180,01
1772,180,02
1773,180,03
1774,180,04
1775,180,05
1776,180,06
1777,180,07
1778,180,08
1779,180,09
1780,180,10
1781,180,11
1782,181,01
1783,181,02
1784,181,03
1785,181,04
1786,181,05
1787,181,06
1788,181,07
1789,181,08
1790,181,09
1791,181,10
1792,181,11
1793,181,12
1794,181,13
1795,181,14
1796,182,01
1797,182,02
1798,182,03
1799,182,04
1800,182,05
1801,182,06
1802,182,07
1803,182,08
1804,182,09
1805,182,10
1806,182,11
1807,183,01
1808,183,02
1809,183,03
1810,183,04
1811,183,05
1812,183,06
1813,183,07
1814,183,08
1815,183,09
1816,184,01
1817,184,02
1818,184,03
1819,184,04
1820,184,05
1821,184,06
1822,184,07
1823,184,08
1824,185,01
1825,185,02
1826,185,03
1827,185,04
1828,185,05
1829,186,01
1830,186,02
1831,186,03
1832,186,04
1833,186,05
1834,186,06
1835,186,07
1836,187,01
1837,187,02
1838,187,03
1839,187,04
1840,187,05
1841,187,06
1842,187,07
1843,187,08
1844,188,01
1845,188,02
1846,188,03
1847,188,04
1848,188,05
1849,188,06
1850,188,07
1851,188,08
1852,188,09
1853,188,10
1854,189,01
1855,189,02
1856,189,03
1857,189,04
1858,189,05
1859,189,06
1860,189,07
1861,189,08
1862,189,09
1863,189,10
1864,190,01
1865,190,02
1866,190,03
1867,190,04
1868,190,05
1869,190,06
1870,190,07
1871,190,08
1872,190,09
1873,190,10
1874,191,01
1875,191,02
1876,191,03
1877,191,04
1878,191,05
1879,192,01
1880,192,02
1881,192,03
1882,192,04
1883,192,05
1884,192,06
1885,192,07
1886,192,08
1887,192,09
1888,193,01
1889,193,02
1890,193,03
1891,193,04
1892,193,05
1893,193,06
1894,193,07
1895,193,08
1896,193,09
1897,193,10
1898,193,11
1899,193,12
1900,194,01
1901,194,02
1902,194,03
1903,194,04
1904,194,05
1905,194,06
1906,194,07
1907,194,08
1908,194,09
1909,194,10
1910,194,11
1911,194,12
1912,194,13
1913,195,01
1914,195,02
1915,195,03
1916,195,04
1917,195,05
1918,195,06
1919,195,07
1920,195,08
1921,195,09
1922,195,10
1923,195,11
1924,196,01
1925,196,02
1926,196,03
1927,196,04
1928,196,05
1929,196,06
1930,196,07
1931,196,08
1932,196,09
1933,196,10
1934,196,11
1935,197,01
1936,197,02
1937,197,03
1938,197,04
1939,197,05
1940,197,06
1941,197,07
1942,197,08
1943,197,09
1944,197,10
1945,197,11
1946,197,12
1947,198,01
1948,198,02
1949,198,03
1950,198,04
1951,198,05
1952,198,06
1953,198,07
1954,198,08
1955,198,09
1956,198,10
1957,198,11
1958,198,12
1959,198,13
1960,198,14
1961,199,01
1962,199,02
1963,199,03
1964,199,04
1965,199,05
1966,199,06
1967,199,07
1968,199,08
1969,199,09
1970,199,10
1971,199,11
1972,199,12
1973,199,13
1974,200,01
1975,200,02
1976,200,03
1977,200,04
1978,200,05
1979,200,06
1980,200,07
1981,200,08
1982,200,09
1983,200,10
1984,200,11
1985,200,12
1986,200,13
1987,200,14
1988,201,01
1989,201,02
1990,201,03
1991,201,04
1992,201,05
1993,201,06
1994,201,07
1995,201,08
1996,201,09
1997,201,10
1998,201,11
1999,201,12
2000,202,01
2001,202,02
2002,202,03
2003,202,04
2004,202,05
2005,202,06
2006,202,07
2007,202,08
2008,202,09
2009,202,10
2010,202,11
2011,202,12
2012,203,01
2013,203,02
2014,203,03
2015,203,04
2016,203,05
2017,203,06
2018,203,07
2019,203,08
2020,203,09
2021,203,10
2022,203,11
2023,203,12
2024,204,01
2025,204,02
2026,204,03
2027,204,04
2028,204,05
2029,204,06
2030,204,07
2031,205,01
2032,205,02
2033,205,03
2034,205,04
2035,205,05
2036,205,06
2037,205,07
2038,205,08
2039,205,09
2040,205,10
2041,206,01
2042,206,02
2043,206,03
2044,206,04
2045,206,05
2046,206,06
2047,206,07
2048,206,08
2049,206,09
2050,206,10
2051,206,11
2052,207,01
2053,207,02
2054,207,03
2055,207,04
2056,207,05
2057,207,06
2058,207,07
2059,207,08
2060,207,09
2061,207,10
2062,207,11
2063,207,12
2064,207,13
2065,208,01
2066,208,02
2067,208,03
2068,208,04
2069,208,05
2070,208,06
2071,208,07
2072,208,08
2073,209,01
2074,209,02
2075,209,03
2076,209,04
2077,209,05
2078,209,06
2079,209,07
2080,209,08
2081,210,01
2082,210,02
2083,210,03
2084,210,04
2085,210,05
2086,210,06
2087,210,07
2088,210,08
2089,211,01
2090,211,02
2091,211,03
2092,211,04
2093,211,05
2094,211,06
2095,211,07
2096,211,08
2097,211,09
2098,212,01
2099,212,02
2100,212,03
2101,212,04
2102,212,05
2103,212,06
2104,212,07
2105,212,08
2106,212,09
2107,212,10
2108,212,11
2109,212,12
2110,212,13
2111,212,14
2112,213,01
2113,213,02
2114,213,03
2115,213,04
2116,213,05
2117,213,06
2118,213,07
2119,213,08
2120,213,09
2121,213,10
2122,213,11
2123,213,12
2124,213,13
2125,214,01
2126,214,02
2127,214,03
2128,214,04
2129,214,05
2130,214,06
2131,214,07
2132,214,08
2133,214,09
2134,214,10
2135,215,01
2136,215,02
2137,215,03
2138,215,04
2139,215,05
2140,215,06
2141,215,07
2142,215,08
2143,215,09
2144,216,01
2145,216,02
2146,216,03
2147,216,04
2148,216,05
2149,216,06
2150,216,07
2151,216,08
2152,216,09
2153,216,10
2154,217,01
2155,217,02
2156,217,03
2157,217,04
2158,217,05
2159,217,06
2160,217,07
2161,217,08
2162,217,09
2163,217,10
2164,217,11
2165,217,12
2166,218,01
2167,218,02
2168,218,03
2169,218,04
2170,218,05
2171,218,06
2172,218,07
2173,218,08
2174,218,09
2175,218,10
2176,218,11
2177,219,01
2178,219,02
2179,219,03
2180,219,04
2181,219,05
2182,219,06
2183,219,07
2184,219,08
2185,219,09
2186,219,10
2187,220,01
2188,220,02
2189,220,03
2190,220,04
2191,220,05
2192,220,06
2193,220,07
2194,220,08
2195,220,09
2196,220,10
2197,220,11
2198,220,12
2199,221,01
2200,221,02
2201,221,03
2202,221,04
2203,221,05
2204,221,06
2205,221,07
2206,221,08
2207,221,09
2208,221,10
2209,221,11
2210,222,01
2211,222,02
2212,222,03
2213,222,04
2214,222,05
2215,222,06
2216,222,07
2217,222,08
2218,222,09
2219,223,01
2220,223,02
2221,223,03
2222,223,04
2223,223,05
2224,223,06
2225,223,07
2226,223,08
2227,223,09
2228,224,01
2229,224,02
2230,224,03
2231,224,04
2232,224,05
2233,224,06
2234,224,07
2235,224,08
2236,224,09
2237,224,10
2238,225,01
2239,225,02
2240,225,03
2241,225,04
2242,225,05
2243,225,06
2244,225,07
2245,225,08
2246,225,09
2247,225,10
2248,225,11
2249,225,12
2250,226,01
2251,226,02
2252,226,03
2253,226,04
2254,226,05
2255,226,06
2256,226,07
2257,226,08
2258,226,09
2259,226,10
2260,226,11
2261,226,12
2262,227,01
2263,227,02
2264,227,03
2265,227,04
2266,227,05
2267,227,06
2268,227,07
2269,227,08
2270,227,09
2271,227,10
2272,227,11
2273,227,12
2274,228,01
2275,228,02
2276,228,03
2277,228,04
2278,228,05
2279,228,06
2280,228,07
2281,228,08
2282,228,09
2283,228,10
2284,228,11
2285,229,01
2286,229,02
2287,229,03
2288,229,04
2289,229,05
2290,229,06
2291,229,07
2292,229,08
2293,229,09
2294,229,10
2295,229,11
2296,229,12
2297,230,01
2298,230,02
2299,230,03
2300,230,04
2301,230,05
2302,230,06
2303,230,07
2304,230,08
2305,230,09
2306,230,10
2307,230,11
2308,230,12
2309,230,13
2310,231,01
2311,231,02
2312,231,03
2313,231,04
2314,231,05
2315,231,06
2316,231,07
2317,231,08
2318,231,09
2319,231,10
2320,232,01
2321,232,02
2322,232,03
2323,232,04
2324,232,05
2325,232,06
2326,232,07
2327,232,08
2328,232,09
2329,232,10
2330,232,11
2331,233,01
2332,233,02
2333,233,03
2334,233,04
2335,233,05
2336,233,06
2337,233,07
2338,233,08
2339,233,09
2340,233,10
2341,233,11
2342,233,12
2343,234,01
2344,234,02
2345,234,03
2346,234,04
2347,234,05
2348,234,06
2349,234,07
2350,234,08
2351,234,09
2352,235,01
2353,235,02
2354,235,03
2355,235,04
2356,235,05
2357,235,06
2358,235,07
2359,235,08
2360,235,09
2361,235,10
2362,235,11
2363,235,12
2364,236,01
2365,236,02
2366,236,03
2367,236,04
2368,236,05
2369,236,06
2370,236,07
2371,236,08
2372,236,09
2373,236,10
2374,237,01
2375,237,02
2376,237,03
2377,237,04
2378,237,05
2379,237,06
2380,237,07
2381,237,08
2382,237,09
2383,238,01
2384,238,02
2385,238,03
2386,238,04
2387,238,05
2388,238,06
2389,238,07
2390,238,08
2391,238,09
2392,238,10
2393,239,01
2394,239,02
2395,239,03
2396,239,04
2397,239,05
2398,239,06
2399,239,07
2400,239,08
2401,239,09
2402,239,10
2403,239,11
2404,240,01
2405,240,02
2406,240,03
2407,240,04
2408,240,05
2409,240,06
2410,240,07
2411,241,01
2412,241,02
2413,241,03
2414,241,04
2415,241,05
2416,241,06
2417,241,07
2418,241,08
2419,241,09
2420,241,10
2421,241,11
2422,242,01
2423,242,02
2424,242,03
2425,242,04
2426,242,05
2427,242,06
2428,242,07
2429,242,08
2430,242,09
2431,242,10
2432,243,01
2433,243,02
2434,243,03
2435,243,04
2436,243,05
2437,243,06
2438,243,07
2439,243,08
2440,244,01
2441,244,02
2442,244,03
2443,244,04
2444,244,05
2445,244,06
2446,244,07
2447,244,08
2448,244,09
2449,245,01
2450,245,02
2451,245,03
2452,245,04
2453,245,05
2454,245,06
2455,245,07
2456,245,08
2457,245,09
2458,246,01
2459,246,02
2460,246,03
2461,246,04
2462,246,05
2463,246,06
2464,246,07
2465,246,08
2466,246,09
2467,246,10
2468,246,11
2469,247,01
2470,247,02
2471,247,03
2472,247,04
2473,247,05
2474,247,06
2475,247,07
2476,247,08
2477,247,09
2478,247,10
2479,247,11
2480,248,01
2481,248,02
2482,248,03
2483,248,04
2484,248,05
2485,248,06
2486,248,07
2487,248,08
2488,248,09
2489,248,10
2490,248,11
2491,249,01
2492,249,02
2493,249,03
2494,249,04
2495,249,05
2496,249,06
2497,249,07
2498,249,08
2499,249,09
2500,249,10
2501,249,11
2502,250,01
2503,250,02
2504,250,03
2505,250,04
2506,250,05
2507,250,06
2508,250,07
2509,250,08
2510,251,01
2511,251,02
2512,251,03
2513,251,04
2514,251,05
2515,251,06
2516,251,07
2517,251,08
2518,251,09
2519,251,10
2520,251,11
2521,252,01
2522,252,02
2523,252,03
2524,252,04
2525,252,05
2526,252,06
2527,252,07
2528,252,08
2529,252,09
2530,252,10
2531,253,01
2532,253,02
2533,253,03
2534,253,04
2535,253,05
2536,253,06
2537,253,07
2538,253,08
2539,253,09
2540,253,10
2541,253,11
2542,254,01
2543,254,02
2544,254,03
2545,254,04
2546,254,05
2547,254,06
2548,254,07
2549,254,08
2550,254,09
2551,254,10
2552,255,01
2553,255,02
2554,255,03
2555,255,04
2556,255,05
2557,255,06
2558,255,07
2559,255,08
2560,255,09
2561,255,10
2562,256,01
2563,256,02
2564,256,03
2565,256,04
2566,256,05
2567,256,06
2568,256,07
2569,256,08
2570,256,09
2571,256,10
2572,256,11
2573,257,01
2574,257,02
2575,257,03
2576,257,04
2577,257,05
2578,257,06
2579,257,07
2580,258,01
2581,258,02
2582,258,03
2583,258,04
2584,258,05
2585,258,06
2586,258,07
2587,258,08
2588,258,09
2589,258,10
2590,258,11
2591,259,01
2592,259,02
2593,259,03
2594,259,04
2595,259,05
2596,259,06
2597,259,07
2598,259,08
2599,259,09
2600,259,10
2601,259,11
2602,260,01
2603,260,02
2604,260,03
2605,260,04
2606,260,05
2607,260,06
2608,260,07
2609,260,08
2610,261,01
2611,261,02
2612,261,03
2613,261,04
2614,261,05
2615,261,06
2616,261,07
2617,262,01
2618,262,02
2619,262,03
2620,262,04
2621,262,05
2622,262,06
2623,262,07
2624,262,08
2625,262,09
2626,262,10
2627,263,01
2628,263,02
2629,263,03
2630,263,04
2631,263,05
2632,263,06
2633,263,07
2634,263,08
2635,263,09
2636,263,10
2637,263,11
2638,263,12
2639,263,13
2640,264,01
2641,264,02
2642,264,03
2643,264,04
2644,264,05
2645,264,06
2646,264,07
2647,264,08
2648,264,09
2649,264,10
2650,264,11
2651,264,12
2652,264,13
2653,264,14
2654,265,01
2655,265,02
2656,265,03
2657,265,04
2658,265,05
2659,265,06
2660,265,07
2661,265,08
2662,266,01
2663,266,02
2664,266,03
2665,266,04
2666,266,05
2667,266,06
2668,266,07
2669,266,08
2670,266,09
2671,266,10
2672,266,11
2673,266,12
2674,266,13
2675,267,01
2676,267,02
2677,267,03
2678,267,04
2679,267,05
2680,267,06
2681,267,07
2682,267,08
2683,267,09
2684,267,10
2685,267,11
2686,267,12
2687,267,13
2688,268,01
2689,268,02
2690,268,03
2691,268,04
2692,268,05
2693,268,06
2694,268,07
2695,268,08
2696,269,01
2697,269,02
2698,269,03
2699,269,04
2700,269,05
2701,269,06
2702,269,07
2703,269,08
2704,269,09
2705,269,10
2706,270,01
2707,270,02
2708,270,03
2709,270,04
2710,270,05
2711,270,06
2712,270,07
2713,270,08
2714,270,09
2715,270,10
2716,270,11
2717,271,01
2718,271,02
2719,271,03
2720,271,04
2721,271,05
2722,271,06
2723,271,07
2724,271,08
2725,271,09
2726,271,10
2727,271,11
2728,271,12
2729,271,13
2730,271,14
2731,272,01
2732,272,02
2733,272,03
2734,272,04
2735,272,05
2736,272,06
2737,272,07
2738,272,08
2739,272,09
2740,272,10
2741,272,11
2742,273,01
2743,273,02
2744,273,03
2745,273,04
2746,273,05
2747,273,06
2748,273,07
2749,273,08
2750,273,09
2751,273,10
2752,274,01
2753,274,02
2754,274,03
2755,274,04
2756,274,05
2757,274,06
2758,274,07
2759,274,08
2760,274,09
2761,274,10
2762,274,11
2763,274,12
2764,274,13
2765,274,14
2766,275,01
2767,275,02
2768,275,03
2769,275,04
2770,275,05
2771,275,06
2772,275,07
2773,275,08
2774,276,01
2775,276,02
2776,276,03
2777,276,04
2778,276,05
2779,276,06
2780,276,07
2781,276,08
2782,277,01
2783,277,02
2784,277,03
2785,277,04
2786,277,05
2787,277,06
2788,277,07
2789,277,08
2790,277,09
2791,278,01
2792,278,02
2793,278,03
2794,278,04
2795,278,05
2796,278,06
2797,278,07
2798,278,08
2799,278,09
2800,278,10
2801,279,01
2802,279,02
2803,279,03
2804,279,04
2805,279,05
2806,279,06
2807,279,07
2808,279,08
2809,279,09
2810,279,10
2811,280,01
2812,280,02
2813,280,03
2814,280,04
2815,280,05
2816,280,06
2817,280,07
2818,280,08
2819,280,09
2820,280,10
2821,280,11
2822,281,01
2823,281,02
2824,281,03
2825,281,04
2826,281,05
2827,281,06
2828,281,07
2829,282,01
2830,282,02
2831,282,03
2832,282,04
2833,282,05
2834,282,06
2835,282,07
2836,282,08
2837,282,09
2838,282,10
2839,283,01
2840,283,02
2841,283,03
2842,283,04
2843,283,05
2844,283,06
2845,283,07
2846,283,08
2847,283,09
2848,283,10
2849,283,11
2850,283,12
2851,283,13
2852,283,14
2853,284,01
2854,284,02
2855,284,03
2856,284,04
2857,284,05
2858,284,06
2859,284,07
2860,284,08
2861,284,09
2862,284,10
2863,284,11
2864,285,01
2865,285,02
2866,285,03
2867,285,04
2868,285,05
2869,285,06
2870,285,07
2871,285,08
2872,285,09
2873,285,10
2874,285,11
2875,285,12
2876,286,01
2877,286,02
2878,286,03
2879,286,04
2880,286,05
2881,286,06
2882,286,07
2883,286,08
2884,286,09
2885,286,10
2886,286,11
2887,286,12
2888,286,13
2889,287,01
2890,287,02
2891,287,03
2892,287,04
2893,287,05
2894,287,06
2895,287,07
2896,287,08
2897,287,09
2898,287,10
2899,287,11
2900,288,01
2901,288,02
2902,288,03
2903,288,04
2904,288,05
2905,288,06
2906,288,07
2907,288,08
2908,288,09
2909,288,10
2910,289,01
2911,289,02
2912,289,03
2913,289,04
2914,289,05
2915,289,06
2916,289,07
2917,289,08
2918,289,09
2919,289,10
2920,289,11
2921,289,12
2922,290,01
2923,290,02
2924,290,03
2925,290,04
2926,290,05
2927,290,06
2928,290,07
2929,290,08
2930,290,09
2931,290,10
2932,290,11
2933,290,12
2934,291,01
2935,291,02
2936,291,03
2937,291,04
2938,291,05
2939,291,06
2940,291,07
2941,291,08
2942,291,09
2943,291,10
2944,292,01
2945,292,02
2946,292,03
2947,292,04
2948,292,05
2949,292,06
2950,292,07
2951,292,08
2952,292,09
2953,293,01
2954,293,02
2955,293,03
2956,293,04
2957,293,05
2958,293,06
2959,293,07
2960,293,08
2961,293,09
2962,293,10
2963,293,11
2964,294,01
2965,294,02
2966,294,03
2967,294,04
2968,294,05
2969,294,06
2970,294,07
2971,294,08
2972,294,09
2973,294,10
2974,295,01
2975,295,02
2976,295,03
2977,295,04
2978,295,05
2979,295,06
2980,295,07
2981,295,08
2982,296,01
2983,296,02
2984,296,03
2985,296,04
2986,296,05
2987,296,06
2988,296,07
2989,296,08
2990,296,09
2991,296,10
2992,296,11
2993,297,01
2994,297,02
2995,297,03
2996,297,04
2997,297,05
2998,297,06
2999,297,07
3000,297,08
3001,297,09
3002,298,01
3003,298,02
3004,298,03
3005,298,04
3006,298,05
3007,298,06
3008,298,07
3009,298,08
3010,298,09
3011,298,10
3012,299,01
3013,299,02
3014,299,03
3015,299,04
3016,299,05
3017,299,06
3018,299,07
3019,299,08
3020,299,09
3021,299,10
3022,299,11
3023,300,01
3024,300,02
3025,300,03
3026,300,04
3027,300,05
3028,300,06
3029,300,07
3030,300,08
3031,300,09
3032,300,10
3033,301,01
3034,301,02
3035,301,03
3036,301,04
3037,301,05
3038,301,06
3039,301,07
3040,301,08
3041,301,09
3042,301,10
3043,302,01
3044,302,02
3045,302,03
3046,302,04
3047,302,05
3048,302,06
3049,302,07
3050,302,08
3051,302,09
3052,302,10
3053,302,11
3054,302,12
3055,303,01
3056,303,02
3057,303,03
3058,303,04
3059,303,05
3060,303,06
3061,303,07
3062,303,08
3063,303,09
3064,303,10
3065,304,01
3066,304,02
3067,304,03
3068,304,04
3069,304,05
3070,304,06
3071,304,07
3072,304,08
3073,304,09
3074,304,10
3075,305,01
3076,305,02
3077,305,03
3078,305,04
3079,305,05
3080,305,06
3081,305,07
3082,305,08
3083,305,09
3084,305,10
3085,306,01
3086,306,02
3087,306,03
3088,306,04
3089,306,05
3090,306,06
3091,306,07
3092,306,08
3093,306,09
3094,307,01
3095,307,02
3096,307,03
3097,307,04
3098,307,05
3099,307,06
3100,307,07
3101,307,08
3102,307,09
3103,308,01
3104,308,02
3105,308,03
3106,308,04
3107,308,05
3108,308,06
3109,308,07
3110,308,08
3111,308,09
3112,308,10
3113,308,11
3114,308,12
3115,308,13
3116,309,01
3117,310,01
3118,310,02
3119,310,03
3120,310,04
3121,310,05
3122,310,06
3123,310,07
3124,310,08
3125,310,09
3126,310,10
3127,310,11
3128,310,12
3129,310,13
3130,310,14
3131,311,01
3132,311,02
3133,311,03
3134,311,04
3135,311,05
3136,311,06
3137,311,07
3138,311,08
3139,311,09
3140,311,10
3141,311,11
3142,312,01
3143,312,02
3144,312,03
3145,312,04
3146,312,05
3147,312,06
3148,312,07
3149,312,08
3150,312,09
3151,312,10
3152,312,11
3153,312,12
3154,313,01
3155,313,02
3156,313,03
3157,313,04
3158,313,05
3159,313,06
3160,313,07
3161,313,08
3162,313,09
3163,313,10
3164,313,11
3165,314,01
3166,314,02
3167,314,03
3168,314,04
3169,314,05
3170,314,06
3171,314,07
3172,314,08
3173,315,01
3174,315,02
3175,315,03
3176,315,04
3177,315,05
3178,315,06
3179,315,07
3180,316,01
3181,316,02
3182,316,03
3183,316,04
3184,316,05
3185,316,06
3186,316,07
3187,316,08
3188,317,01
3189,317,02
3190,317,03
3191,317,04
3192,317,05
3193,317,06
3194,317,07
3195,317,08
3196,318,01
3197,318,02
3198,318,03
3199,318,04
3200,318,05
3201,319,01
3202,319,02
3203,319,03
3204,319,04
3205,319,05
3206,319,06
3207,319,07
3208,320,01
3209,320,02
3210,320,03
3211,320,04
3212,320,05
3213,320,06
3214,320,07
3215,320,08
3216,320,09
3217,320,10
3218,320,11
3219,321,01
3220,321,02
3221,321,03
3222,321,04
3223,321,05
3224,321,06
3225,321,07
3226,321,08
3227,321,09
3228,321,10
3229,322,01
3230,322,02
3231,322,03
3232,322,04
3233,322,05
3234,322,06
3235,322,07
3236,322,08
3237,322,09
3238,322,10
3239,322,11
3240,323,01
3241,323,02
3242,323,03
3243,323,04
3244,323,05
3245,323,06
3246,323,07
3247,323,08
3248,323,09
3249,324,01
3250,324,02
3251,324,03
3252,324,04
3253,324,05
3254,324,06
3255,324,07
3256,324,08
3257,324,09
3258,325,01
3259,325,02
3260,325,03
3261,325,04
3262,325,05
3263,325,06
3264,325,07
3265,326,01
3266,326,02
3267,326,03
3268,326,04
3269,326,05
3270,326,06
3271,326,07
3272,327,01
3273,327,02
3274,327,03
3275,327,04
3276,327,05
3277,327,06
3278,327,07
3279,327,08
3280,327,09
3281,327,10
3282,327,11
3283,327,12
3284,328,01
3285,328,02
3286,328,03
3287,328,04
3288,328,05
3289,328,06
3290,328,07
3291,328,08
3292,328,09
3293,328,10
3294,328,11
3295,329,01
3296,329,02
3297,329,03
3298,329,04
3299,329,05
3300,329,06
3301,329,07
3302,329,08
3303,329,09
3304,330,01
3305,330,02
3306,330,03
3307,330,04
3308,330,05
3309,330,06
3310,330,07
3311,330,08
3312,330,09
3313,330,10
3314,330,11
3315,330,12
3316,331,01
3317,331,02
3318,331,03
3319,331,04
3320,331,05
3321,331,06
3322,331,07
3323,331,08
3324,331,09
3325,331,10
3326,331,11
3327,331,12
3328,332,01
3329,332,02
3330,332,03
3331,332,04
3332,332,05
3333,332,06
3334,332,07
3335,332,08
3336,332,09
3337,332,10
3338,333,01
3339,333,02
3340,333,03
3341,333,04
3342,333,05
3343,333,06
3344,333,07
3345,333,08
3346,333,09
3347,333,10
3348,333,11
3349,333,12
3350,333,13
3351,334,01
3352,334,02
3353,334,03
3354,334,04
3355,334,05
3356,334,06
3357,334,07
3358,334,08
3359,334,09
3360,334,10
3361,334,11
3362,334,12
3363,334,13
3364,334,14
3365,335,01
3366,335,02
3367,335,03
3368,335,04
3369,335,05
3370,335,06
3371,335,07
3372,335,08
3373,335,09
3374,335,10
3375,335,11
3376,335,12
3377,335,13
3378,335,14
3379,336,01
3380,336,02
3381,336,03
3382,336,04
3383,336,05
3384,336,06
3385,336,07
3386,337,01
3387,337,02
3388,337,03
3389,337,04
3390,337,05
3391,337,06
3392,337,07
3393,337,08
3394,337,09
3395,337,10
3396,337,11
3397,337,12
3398,338,01
3399,338,02
3400,338,03
3401,338,04
3402,338,05
3403,338,06
3404,338,07
3405,338,08
3406,338,09
3407,338,10
3408,339,01
3409,339,02
3410,339,03
3411,339,04
3412,339,05
3413,339,06
3414,339,07
3415,339,08
3416,340,01
3417,340,02
3418,340,03
3419,340,04
3420,340,05
3421,340,06
3422,340,07
3423,340,08
3424,340,09
3425,340,10
3426,340,11
3427,340,12
3428,340,13
3429,341,01
3430,341,02
3431,341,03
3432,341,04
3433,341,05
3434,341,06
3435,341,07
3436,341,08
3437,341,09
3438,341,10
3439,341,11
3440,341,12
3441,341,13
3442,342,01
3443,342,02
3444,342,03
3445,342,04
3446,342,05
3447,342,06
3448,342,07
3449,342,08
3450,342,09
3451,343,01
3452,343,02
3453,343,03
3454,343,04
3455,343,05
3456,343,06
3457,343,07
3458,343,08
3459,343,09
3460,343,10
3461,344,01
3462,344,02
3463,344,03
3464,344,04
3465,344,05
3466,344,06
3467,344,07
3468,344,08
3469,344,09
3470,344,10
3471,344,11
3472,345,01
3473,345,02
3474,345,03
3475,345,04
3476,345,05
3477,345,06
3478,345,07
3479,345,08
3480,345,09
3481,345,10
3482,346,01
3483,346,02
3484,346,03
3485,346,04
3486,346,05
3487,346,06
3488,346,07
3489,346,08
3490,346,09
3491,346,10
3492,346,11
3493,347,01
3494,347,02
3495,347,03
3496,347,04
3497,347,05
3498,347,06
3499,347,07
3500,347,08
3501,347,09
3502,347,10
3503,347,11
3504,347,12
3505,348,01
3506,348,02
3507,348,03
3508,348,04
3509,348,05
3510,348,06
3511,348,07
3512,348,08
3513,348,09
3514,348,10
3515,348,11
3516,348,12
3517,348,13
3518,349,01
3519,349,02
3520,349,03
3521,349,04
3522,349,05
3523,349,06
3524,349,07
3525,349,08
3526,349,09
3527,349,10
3528,349,11
3529,350,01
3530,350,02
3531,350,03
3532,350,04
3533,350,05
3534,350,06
3535,350,07
3536,350,08
3537,350,09
3538,350,10
3539,350,11
3540,350,12
3541,351,01
3542,351,02
3543,351,03
3544,351,04
3545,351,05
3546,351,06
3547,351,07
3548,351,08
3549,351,09
3550,351,10
3551,351,11
3552,351,12
3553,351,13
